name,location,date,time,description,category,link
"Coffee, Hip-Hop & Mental Health","Hybrid, Chicago, IL",4/5/2025,12:00 PM,"Join us for a unique event combining coffee, hip-hop, and mental health discussions. This event aims to foster conversations about mental wellness through music and community engagement.","['Mental Health', 'Community Development', 'Music']",https://www.idealist.org/en/volunteer-opportunity/87125d8f92644415bc14e6abb51217bd-join-coffee-hip-hop-mental-health-coffee-hip-hop-mental-health-chicago
Kidney Testing Event,Chicago,3/15/2025,10:00 AM,Volunteers needed to assist with a kidney testing event. Help provide essential health screenings to the community.,"['Health & Medicine', 'Volunteering']",https://www.idealist.org/en/volunteer-opportunity/opp3925611
Walk for Hunger 2025,Chicago,4/20/2025,9:00 AM,Participate in the Walk for Hunger event to support local food insecurity initiatives. Volunteers are needed to help organize and execute the event.,"['Hunger, Food Security', 'Community Development']",https://www.idealist.org/en/volunteer-opportunity/opp3925374
Food Pantry Volunteer,Chicago,3/10/2025,1:00 PM,"Assist at a local food pantry, helping to sort and distribute food to those in need.","['Hunger, Food Security', 'Community Development']",https://www.idealist.org/en/volunteer-opportunity/opp3869335
Recovery Dharma Host,Chicago,3/12/2025,6:00 PM,Host a Recovery Dharma meeting to support individuals in recovery. Facilitate discussions and create a welcoming environment.,"['Substance Use & Addiction', 'Community Development']",https://www.idealist.org/en/volunteer-opportunity/opp3839304
Green-Thumbed Community Garden Volunteer,Chicago,3/14/2025,10:00 AM,"Help maintain a community garden. Tasks include planting, weeding, and general garden maintenance.","['Environment & Sustainability', 'Community Development']",https://www.idealist.org/en/volunteer-opportunity/opp3839300
Cat Attendant,Chicago,3/16/2025,2:00 PM,"Assist with cat care at a local rescue center. Duties include feeding, grooming, and providing companionship.","['Animals', 'Volunteering']",https://www.idealist.org/en/volunteer-opportunity/opp3769321
Event Coordinator,Chicago,3/18/2025,3:00 PM,"Coordinate events for a local animal rescue organization. Responsibilities include planning, organizing, and executing events.","['Animals', 'Event Support']",https://www.idealist.org/en/volunteer-opportunity/opp3690162
Vet Transporter,Chicago,3/20/2025,4:00 PM,Transport animals to and from veterinary appointments. Ensure safe and timely transportation.,"['Animals', 'Transportation']",https://www.idealist.org/en/volunteer-opportunity/opp3690114
Rescue Store Online Sales Associate,Chicago,3/22/2025,5:00 PM,"Assist with online sales for a rescue store. Manage inventory, process orders, and provide customer service.","['Animals', 'Retail & Sales']",https://www.idealist.org/en/volunteer-opportunity/opp3431218
Thrift Store Manager,Chicago,3/24/2025,6:00 PM,"Manage the day-to-day operations of a thrift store supporting animal rescue efforts. Oversee staff and volunteers, manage inventory, and ensure smooth operations.","['Animals', 'Retail & Sales']",https://www.idealist.org/en/volunteer-opportunity/opp2590771
Basic Maintenance Kennel Help,Chicago,3/15/2024,10:00 AM,Assist with basic maintenance tasks at the kennel to support animal care operations.,"['Animal Care', 'Volunteering']",https://www.volunteermatch.org/search/opp1256822.jsp
Kennel Help,Chicago,3/15/2024,10:00 AM,Help with daily kennel tasks to ensure the well-being of animals.,"['Animal Care', 'Volunteering']",https://www.volunteermatch.org/search/opp1256807.jsp
12th Annual Head for the Cure 5k - Chicago,Chicago,4/6/2024,8:00 AM,Volunteer at the 12th Annual Head for the Cure 5k event to support cancer research.,"['Health & Medicine', 'Fundraising', 'Volunteering']",https://www.volunteermatch.org/search/opp3925257.jsp
Spring Fun Run 2025 Volunteer Sign Up,Chicago,3/16/2024,9:00 AM,Volunteer at the Spring Fun Run 2025 to support community fitness initiatives.,"['Sports & Recreation', 'Community Development', 'Volunteering']",https://www.volunteermatch.org/search/opp3924681.jsp
Help Promote the Community Blood Center!,Chicago,3/14/2024,11:00 AM,Assist in promoting the Community Blood Center to increase blood donations.,"['Health & Medicine', 'Volunteering', 'Community Development']",https://www.volunteermatch.org/search/opp3924147.jsp
Cat Photographers,Chicago,3/13/2024,2:00 PM,Take photos of cats to help with adoption efforts at CHICAGO CAT RESCUE.,"['Animal Care', 'Photography', 'Volunteering']",https://www.volunteermatch.org/search/opp3923857.jsp
Card Processing Event,Chicago,3/12/2024,1:00 PM,Help process cards for Cardz For Kidz to bring joy to children.,"['Children & Youth', 'Volunteering', 'Community Development']",https://www.volunteermatch.org/search/opp3923707.jsp
"Share Happiness, Spread Joy",Evergreen Park,3/11/2024,3:00 PM,Volunteer to spread joy and happiness at Sanctuary Hospice of Illinois.,"['Health & Medicine', 'Mental Health', 'Volunteering']",https://www.volunteermatch.org/search/opp3923131.jsp
Best Buddies Chicago Friendship Walk,Chicago,4/15/2024,9:00 AM,Join Best Buddies for a charity walk promoting inclusion and friendship for people with intellectual and developmental disabilities.,"['Community Development', 'Children & Youth', 'Health & Medicine']",https://www.volunteermatch.org/search/opp3920393.jsp
Volunteer TikTok Creator,Chicago,4/16/2024,10:00 AM,Create engaging TikTok content to promote social impact initiatives for ChiO SPARK Initiative.,"['Communications & Marketing', 'Social Media', 'Youth Engagement']",https://www.volunteermatch.org/search/opp3917825.jsp
32nd Benefit Dinner Side Dish Packing,Chicago,4/17/2024,11:00 AM,Help pack side dishes for Hanul Family Alliance's 32nd Benefit Dinner supporting the local community.,"['Food Service', 'Community Development', 'Event Support']",https://www.volunteermatch.org/search/opp3917115.jsp
Chipride Volunteering + Care For Real,Chicago,4/18/2024,12:00 PM,Volunteer with CHIPRIDE VOLUNTEERING INC to support local food distribution efforts.,"['Food Security', 'Community Development', 'Hunger Relief']",https://www.volunteermatch.org/search/opp3917014.jsp
April 5th - Soccer Program for Youth with Disabilities,Chicago,4/5/2024,2:00 PM,"Assist with a soccer program for youth with disabilities, promoting physical activity and inclusion.","['Sports & Recreation', 'Disability Support', 'Youth Development']",https://www.volunteermatch.org/search/opp3916777.jsp
2025 Chicago Miles for Melanoma 5k!,Chicago,5/1/2025,8:00 AM,Participate in the 2025 Chicago Miles for Melanoma 5k to support melanoma research and awareness.,"['Health & Medicine', 'Fundraising', 'Community Events']",https://www.volunteermatch.org/search/opp3913598.jsp
Events Committee & Rise,Chicago,4/22/2024,3:00 PM,Join the events committee to help organize and execute community events promoting social impact.,"['Event Planning', 'Community Development', 'Volunteer Management']",https://www.volunteermatch.org/search/opp3913533.jsp
Rebuilding Exchange's RE:fest 2025,Chicago,4/25/2025,10:00 AM,"Volunteer at Rebuilding Exchange's RE:fest 2025, a festival promoting sustainability and community engagement.","['Sustainability', 'Community Development', 'Environmental Conservation']",https://www.volunteermatch.org/search/opp3913423.jsp
St. Jude Celebrates: A Legacy of Equity,Chicago,4/12/2024,6:00 PM,Volunteer at St. Jude's event celebrating equity and supporting children's cancer research.,"['Health & Medicine', 'Fundraising', 'Diversity & Inclusion']",https://www.volunteermatch.org/search/opp3911283.jsp
Looking for a better volunteer alternative break opportunity for spring 2025? Consider Evansville Habitat for Humanity International: Collegiate Challenge,"Chicago, IL 60642",4/15/2024,9:00 AM,Join Evansville Habitat for Humanity for a spring 2025 volunteer alternative break. Help build homes and make a difference in the community. This is a great opportunity for collegiate students to give back.,"['Community Development', 'Housing & Homelessness', 'Volunteering']",https://www.volunteermatch.org/search/opp3882425.jsp
Urgent Need for Blood Donors! Save Lives Today!,Chicago,4/20/2024,10:00 AM,Community Blood Center urgently needs blood donors to help save lives. Your donation can make a significant difference in the lives of patients in need.,"['Health & Medicine', 'Urgent Need', 'Blood Donation']",https://www.volunteermatch.org/search/opp3879331.jsp
Social Media Ambassador for the ABC7 Gibbons 5K Run,Chicago,4/22/2024,8:00 AM,"Help promote the ABC7 Gibbons 5K Run as a social media ambassador. Share updates, engage with followers, and help make this event a success.","['Media', 'Communications', 'Community Engagement']",https://www.volunteermatch.org/search/opp3866776.jsp
Daytime Telescope Facilitator Volunteer,Chicago,4/18/2024,11:00 AM,Assist visitors at the Adler Planetarium by facilitating daytime telescope viewing. Help create an educational and engaging experience for guests.,"['Education', 'Science & Technology', 'Volunteering']",https://www.volunteermatch.org/search/opp3829958.jsp
Mentor a Chicago Teen and Make a Difference! 2025-2026 School Year,Chicago,4/25/2024,3:00 PM,"Mentor a Chicago teen during the 2025-2026 school year. Provide guidance, support, and help make a positive impact on their life.","['Children & Youth', 'Mentorship', 'Education']",https://www.volunteermatch.org/search/opp3806331.jsp
Summer Camp Black Girls CODE,"Chicago, IL",7/14/2025,8:00 AM,Join Black Girls CODE for a summer camp focused on technology and coding skills for young girls. This event aims to empower girls of color to become the next generation of tech leaders.,"['Education', 'Technology', 'Women', 'Youth']",https://www.idealist.org/en/https:/x.gldn.io/e/Xzq0e0JI5Rb
Share Our Spare Welcome Desk Volunteer Position,"Chicago, IL",4/7/2025,10:00 AM,Volunteer at the Share Our Spare Welcome Desk to help support local communities in need. Assist with organizing donations and providing essential services to those in need.,"['Volunteering', 'Community Development', 'Social Services']",https://www.idealist.org/en/https:/x.gldn.io/e/gJOp5pjo5Rb
Volunteer with Minds Matter Chicago!,"Chicago, IL",Random Generated Date,Random Generated Time,Minds Matter Chicago seeks volunteers to support their mission of providing educational resources and mentorship to underprivileged students.,"['Education', 'Mentorship', 'Youth Support']",https://www.idealist.org/en/https:/www.idealist.org/en/volunteer-opportunity/28745a4d40604948ac4434d09cfee090-volunteer-with-minds-matter-chicago-minds-matter-chicago-chicago
Bring Comfort & Peace to Someone Facing End of Life,"Chicago, IL",7/14/2025,8:00 AM,Volunteer with Unity Hospice to provide comfort and support to individuals facing end-of-life care. This opportunity allows you to make a meaningful impact in your community.,"['Health & Medicine', 'Hospice Care', 'Volunteering']",https://www.idealist.org/en/https:/www.idealist.org/en/volunteer-opportunity/454846d048da4abf856c50dc6b94aaa4-bring-comfort-peace-to-someone-facing-end-of-life-join-the-unity-hospice-volunteer-program-unity-hospice-palliative-care-chicago
Montrose Beach Cleanup,"Chicago, IL",9/27/2025,10:00 AM,Join Surfrider Chicago for a beach cleanup at Montrose Beach. Help maintain the beauty of our environment and promote sustainability in your community.,"['Environment', 'Conservation', 'Community Service']",https://www.idealist.org/en/https:/x.gldn.io/e/nsi6AefVYRb
Montrose Beach Bash @ The Dock,"Chicago, IL",7/12/2025,10:00 AM,Surfrider Chicago presents a beach bash at Montrose Beach. This event promotes environmental awareness and community engagement through fun activities and education.,"['Environment', 'Community Events', 'Volunteering']",https://www.idealist.org/en/https:/x.gldn.io/e/kinkUYFXYRb
GreenHouse Surfboards Demo @ Patagonia,"Chicago, IL",5/2/2025,7:00 PM,Attend the GreenHouse Surfboards Demo at Patagonia. This event showcases sustainable surfboard designs and promotes environmental consciousness in the surfing community.,"['Environment', 'Sports', 'Retail Events']",https://www.idealist.org/en/https:/x.gldn.io/e/30H4FtdRYRb
Volunteers Needed: Best Buddies Friendship Walk Chicago,"Chicago, IL",5/4/2025,7:30 AM,Best Buddies Illinois seeks volunteers for their Friendship Walk. This event promotes inclusion and supports individuals with intellectual and developmental disabilities.,"['Disability Support', 'Community Events', 'Volunteering']",https://www.idealist.org/en/https:/www.idealist.org/en/volunteer-opportunity/ab33dffde3c2432da381fbaec42f0ec1-volunteers-needed-best-buddies-friendship-walk-chicago-best-buddies-illinois-chicago
Earth Day Montrose Beach Cleanup,"Chicago, IL",4/5/2025,10:00 AM,Join Surfrider Chicago for an Earth Day beach cleanup at Montrose Beach. Help keep our environment clean and beautiful.,"['Environmental Conservation', 'Community Service']",https://www.idealist.org/en/https:/x.gldn.io/e/AhSJRkWHGRb
Safety Gloves for Hands-On Science Experiences!,Remote,4/15/2025,10:00 AM,"Provide safety gloves for students to engage in hands-on science experiments, promoting STEM education in a safe environment.","['Education', 'STEM']",https://www.idealist.org/en/https:/www.donorschoose.org/project/safety-gloves-for-hands-on-science-exper/9163418
Un Viaje a La Lectura: A Journey Through Hispanic Stories!,"Stickney, IL",4/10/2025,10:00 AM,Support Hispanic students' reading journey with essential books and materials for a culturally enriching experience.,"['Education', 'Literacy']",https://www.idealist.org/en/https:/www.donorschoose.org/project/un-viaje-a-la-lectura-a-journey-through/9193968
Say Cheese! for 5th Grade Memories,"Chicago, IL",4/12/2025,10:00 AM,"Help 5th-grade students capture their memories with a yearbook photography project, creating lasting mementos.","['Education', 'Youth Development']",https://www.idealist.org/en/https:/www.donorschoose.org/project/say-cheese-for-5th-grade-memories/9193341
Polished Pearls!,Remote,4/14/2025,10:00 AM,Support a project focused on empowering students through educational resources and materials.,"['Education', 'Youth Empowerment']",https://www.idealist.org/en/https:/www.donorschoose.org/project/polished-pearls/9142191
The Author in Me,Remote,4/11/2025,10:00 AM,Help students express their creativity through writing and publishing their own books.,"['Education', 'Literacy']",https://www.idealist.org/en/https:/www.donorschoose.org/project/the-author-in-me/9056901
"Rain, Rain, Go Away! Help Us Get Indoor Recess Games",Remote,4/13/2025,10:00 AM,Provide indoor recess games for students to stay active and engaged during rainy days.,"['Education', 'Physical Activity']",https://www.idealist.org/en/https:/www.donorschoose.org/project/rain-rain-go-away-help-us-get-indoor/9180751
Some Bunnny Loves U,Remote,4/16/2025,10:00 AM,Support a classroom project focused on providing essential materials for students.,"['Education', 'Classroom Support']",https://www.idealist.org/en/https:/www.donorschoose.org/project/some-bunnny-loves-u/9161451
Supporting Autism Students with Essential Care and Comfort,Remote,4/17/2025,10:00 AM,Provide autism students with essential care and comfort items to create a supportive learning environment.,"['Special Education', 'Health & Wellness']",https://www.idealist.org/en/https:/www.donorschoose.org/project/supporting-autism-students-with-essentia/9188008
Join the Lakeview Orchestra's Board of Directors!,Hybrid,4/18/2025,10:00 AM,Join the Lakeview Orchestra's Board of Directors to contribute to the arts and music community in Chicago.,"['Arts & Music', 'Nonprofit Leadership']",https://www.idealist.org/en/https:/www.idealist.org/en/volunteer-opportunity/2eecc21ef9184691b067072d4338529d-join-the-lakeview-orchestras-board-of-directors-lakeview-orchestra-chicago
Capturing Creativity: Cameras for IB Visual Arts Students,Remote,4/19/2025,10:00 AM,Provide cameras for IB Visual Arts students to capture their creativity and complete their projects.,"['Arts & Music', 'Education']",https://www.idealist.org/en/https:/www.donorschoose.org/project/capturing-creativity-cameras-for-ib-vis/8977191
Clean and Safe in Kindergarten,Remote,4/20/2025,10:00 AM,Help kindergarten students maintain a clean and safe environment with essential supplies.,"['Education', 'Health & Safety']",https://www.idealist.org/en/https:/www.donorschoose.org/project/clean-and-safe-in-kindergarten/9180953
Feminine Hygiene Products!,Remote,4/21/2025,10:00 AM,"Provide feminine hygiene products for students in need, promoting health and dignity.","['Health & Medicine', 'Youth Support']",https://www.idealist.org/en/https:/www.donorschoose.org/project/feminine-hygiene-products/9134262
Volunteer ESL Tutor for Korean Adults and Seniors (Virtual and In-Person),Hybrid,4/22/2025,10:00 AM,"Volunteer as an ESL tutor for Korean adults and seniors, both virtually and in-person.","['Education', 'Language Learning']",https://www.idealist.org/en/https:/www.idealist.org/en/volunteer-opportunity/5e28bb4e6e00436f854c6cbff345b93f-volunteer-esl-tutor-for-korean-adults-and-seniors-virtual-and-in-person-hanul-family-alliance-chicago
Wiggle While We Work and Regulate,Remote,4/23/2025,10:00 AM,Provide wobble chairs and fidget tools to help students regulate and focus during class.,"['Special Education', 'Classroom Support']",https://www.idealist.org/en/https:/www.donorschoose.org/project/wiggle-while-we-work-and-regulate/9102275
Snacks to Energize,Remote,4/24/2025,10:00 AM,Provide healthy snacks to keep students energized and focused throughout the school day.,"['Education', 'Health & Wellness']",https://www.idealist.org/en/https:/www.donorschoose.org/project/snacks-to-energize/9130557
Supplies to Get Us Through Quarter 4!,Remote,4/25/2025,10:00 AM,Help students finish the school year with the necessary supplies for their classes.,"['Education', 'Classroom Support']",https://www.idealist.org/en/https:/www.donorschoose.org/project/supplies-to-get-us-through-quarter-4/9149579
Teen Talk for youth!,On-site,4/26/2025,10:00 AM,Engage with teens through discussions and activities at the Chicago URBAN ART RETREAT Center.,"['Youth Development', 'Community Engagement']",https://www.idealist.org/en/https:/www.idealist.org/en/volunteer-opportunity/05b8c0555aa04880bdd52ec48449c2dc-teen-talk-for-youth-chicago-urban-art-retreat-center-chicago
Fuel Our Learning: Snack Attack for Our Room!,Remote,4/27/2025,10:00 AM,Provide snacks to fuel students' learning and keep them focused throughout the day.,"['Education', 'Health & Wellness']",https://www.idealist.org/en/https:/www.donorschoose.org/project/fuel-our-learning-snack-attack-for-our/9146066
Volunteers needed to Rescue Food & Fight Hunger in Chicago!,On-site,4/28/2025,10:00 AM,Join Rescuing Leftover Cuisine to help rescue food and fight hunger in Chicago.,"['Food Security', 'Community Service']",https://www.idealist.org/en/https:/www.idealist.org/en/volunteer-opportunity/0a1e626bd9164e2ca5be2638308ce892-volunteers-needed-to-rescue-food-fight-hunger-in-chicago-rescuing-leftover-cuisine-chicago
Community Outreach Liaison: Help Solve the Literacy Crisis,Chicago,4/15/2025,10:00 AM,Volunteer to help address the literacy crisis by supporting educational initiatives and outreach programs in Chicago.,"['Education', 'Community Development', 'Literacy']",https://www.volunteermatch.org/search/opp3875432.jsp
Volunteers Needed for 10th Annual Luminary Award Dinner,"Chicago, IL",4/23/2025,5:00 PM,Volunteers needed for the 10th Annual Luminary Award Dinner to support the Chicago Children's Advocacy Center.,"['Children & Youth', 'Civic Engagement', 'Community Development']",https://www.idealist.org/en/volunteer-opportunity/7d3a6caa48e9450aafd025b7f828cf3f-volunteers-needed-for-10th-annual-luminary-award-dinner-chicago-childrens-advocacy-center-chicago
Brain Aneurysm Foundation 2025 Chicago Run/Walk,Chicago,5/1/2025,8:00 AM,Participate in the Brain Aneurysm Foundation's Chicago Run/Walk to raise awareness and support for brain aneurysm research.,"['Health & Medicine', 'Sports & Recreation', 'Fundraising']",https://www.volunteermatch.org/search/opp3847659.jsp
Caring for Hospice patients near Oak Park,Oak Park,4/20/2025,2:00 PM,Volunteers needed to provide companionship and support to hospice patients near Oak Park.,"['Health & Medicine', 'Hospice Care', 'Elder Care']",https://www.volunteermatch.org/search/opp3804760.jsp
Nourishing Hope - Be our Bilingual Spanish Intake Volunteer at El Mercadito,"Chicago, IL",4/25/2025,10:00 AM,Assist as a bilingual Spanish intake volunteer at El Mercadito to help those in need.,"['Food Security', 'Community Development', 'Spanish Language']",https://www.idealist.org/en/volunteer-opportunity/4fc405015f144402b2dd994203f24c4f-nourishing-hope-be-our-bilingual-spanish-intake-volunteer-at-el-mercadito-nourishing-hope-of-chicago-il-chicago
Nourishing Hope - Help Distribute Food at El Mercadito!,"Chicago, IL",4/27/2025,9:00 AM,"Volunteers needed to help distribute food at El Mercadito, supporting food security initiatives.","['Food Security', 'Hunger', 'Community Development']",https://www.idealist.org/en/volunteer-opportunity/54ae9a38bb3849d9a3c0e1837ff12aba-nourishing-hope-help-distribute-food-at-el-mercadito-nourishing-hope-of-chicago-il-chicago
Join The Hub Gleaning & Sorting Shift in Ravenswood!,"Chicago, IL",5/3/2025,11:00 AM,Volunteer for gleaning and sorting food donations at The Hub in Ravenswood.,"['Food Security', 'Community Development', 'Sustainability']",https://www.idealist.org/en/volunteer-opportunity/cccfd1680f4b4c4b99f6c3762555fe95-join-the-hub-gleaning-sorting-shift-in-ravenswood-nourishing-hope-of-chicago-il-chicago
Part Time Administrative Assistant,Chicago,4/10/2025,9:00 AM,Assist with administrative tasks to support the operations of NAAAP-Chicago.,"['Administrative/Office Support', 'Community Development']",https://www.volunteermatch.org/search/opp3834059.jsp
Walk for Kidneys,Chicago,4/12/2025,8:00 AM,Participate in the Walk for Kidneys event to raise awareness and support for kidney health.,"['Health & Medicine', 'Fundraising', 'Community Development']",https://www.volunteermatch.org/search/opp3810904.jsp
Kitten Photographer Needed,Evanston,4/18/2025,3:00 PM,Volunteer to take photos of kittens for adoption at Paws and Claws Cat Rescue.,"['Animals', 'Photography', 'Volunteering']",https://www.volunteermatch.org/search/opp3747346.jsp
Help Host Kitten Birthday Parties for Kids,Evanston,4/22/2025,4:00 PM,Assist in hosting birthday parties for kids featuring adoptable kittens.,"['Animals', 'Children & Youth', 'Community Development']",https://www.volunteermatch.org/search/opp3730280.jsp
Greeter and Light Clerical Tasks: Swedish Covenant In Patient Unit,"Chicago, IL",4/11/2025,10:00 AM,Volunteer to provide clerical support and greet patients at Swedish Covenant In Patient Unit.,"['Health & Medicine', 'Hospice Care', 'Administrative/Office Support']",https://createthegood.aarp.org/opportunity-details.163902
Is Your Pup a Canine Good Citizen or a Therapy Dog? Paws for Patients is For You!,"Chicago, IL",4/17/2025,2:00 PM,Volunteer with your therapy dog to bring joy to hospice patients.,"['Animals', 'Health & Medicine', 'Therapy']",https://createthegood.aarp.org/opportunity-details.163894
"Bring Your Heart and Your HR Skills, Volunteer for Unity Hospice","Chicago, IL",4/24/2025,3:00 PM,Volunteer to support Unity Hospice with HR skills and provide companionship to patients.,"['Health & Medicine', 'Hospice Care', 'Human Resources']",https://createthegood.aarp.org/opportunity-details.163893
No Veteran Left Behind - Veteran to Veteran Support Needed,"Chicago, IL",5/8/2025,10:00 AM,Volunteer to provide support to veterans at Unity Hospice.,"['Veterans', 'Mental Health', 'Community Development']",https://createthegood.aarp.org/opportunity-details.163761
Greeter and Light Clerical Tasks-Mac Neal Hospital In Patient Unit,"Berwyn, IL",4/14/2025,9:00 AM,Volunteer to assist with clerical tasks and greet patients at Mac Neal Hospital.,"['Health & Medicine', 'Hospice Care', 'Administrative/Office Support']",https://createthegood.aarp.org/opportunity-details.163906
Friends Needed for Hospice Patients,"Chicago, IL",4/19/2025,11:00 AM,Volunteer to provide companionship and support to hospice patients.,"['Health & Medicine', 'Hospice Care', 'Elder Care']",https://www.idealist.org/en/volunteer-opportunity/6030d523e9d94fc0b92b09d679be973e-friends-needed-for-hospice-patients-unity-hospice-palliative-care-chicago
Veterans Supporting Veterans at End of Life,"Hometown, IL",5/6/2025,2:00 PM,"Volunteer to support veterans at the end of life, providing companionship and understanding.","['Veterans', 'Health & Medicine', 'Hospice Care']",https://www.idealist.org/en/volunteer-opportunity/97e5306cccd14486a1c05430c45a0506-veterans-supporting-veterans-at-end-of-life-unity-hospice-palliative-care-hometown
Bank the Blue's 5th Anniversary Celebration Needs Volunteers!,"Chicago, IL",4/30/2025,5:00 PM,Volunteer to help celebrate Bank the Blue's 5th anniversary with various support tasks.,"['Community Development', 'Civic Engagement', 'Celebrations']",https://www.idealist.org/en/volunteer-opportunity/4fb389a8d7b745f594be15695b3fe927-bank-the-blues-5th-anniversary-celebration-needs-volunteers-bank-the-blue-chicago
Hub Program Volunteer,"Chicago, IL",10/15/2023,10:00 AM,Volunteer with Math Circles of Chicago to support educational programs for students.,"['Education', 'Youth']",https://www.idealist.org/en/volunteer-opportunity/b04712f7a0aa439395fc66f05b5c69f5-hub-program-volunteer-math-circles-of-chicago-chicago
Grocery Giveaway,Chicago,10/20/2023,9:00 AM,Help distribute groceries to those in need in the Chicago community.,"['Food Security', 'Community Development']",https://www.volunteermatch.org/search/opp3908039.jsp
Arabic Speaking Family Mentors for Newcomers,Skokie,10/25/2023,2:00 PM,Mentor Arabic-speaking families to help them integrate into the community.,"['Refugee Support', 'Community Development']",https://www.volunteermatch.org/search/opp3907624.jsp
Walk and Roll Chicago Volunteers,Chicago,10/28/2023,8:00 AM,Volunteer for the American Cancer Society's Walk and Roll event.,"['Health', 'Fundraising']",https://www.volunteermatch.org/search/opp3907582.jsp
Bringing History to Life,"Chicago, IL",11/1/2023,12:00 PM,Support educational supplies for history engagement in classrooms.,"['Education', 'History']",https://www.donorschoose.org/project/bringing-history-to-life-engaging-supp/9087189
Chicago: Walk/Run Volunteers Needed,Chicago,11/4/2023,7:00 AM,Volunteer for the Multiple Myeloma Research Foundation's walk/run event.,"['Health', 'Fundraising']",https://www.volunteermatch.org/search/opp3907311.jsp
Participate in a Paid Research Study,Chicago,11/7/2023,10:00 AM,Participate in a research study at the University of Illinois at Chicago.,"['Research', 'Education']",https://www.volunteermatch.org/search/opp3907115.jsp
Volunteer with Miles for Migraine Illinois,Chicago,11/11/2023,8:00 AM,Support Miles for Migraine's event to raise awareness and funds.,"['Health', 'Awareness']",https://www.volunteermatch.org/search/opp3907039.jsp
Join Our Hospice Volunteer Team,Chicago,11/15/2023,1:00 PM,Volunteer with Advocate Hospice to support patients and families.,"['Health', 'Support']",https://www.volunteermatch.org/search/opp3907002.jsp
Become a Companion/Support Volunteer,Oak Park,11/18/2023,2:00 PM,Provide companionship to hospice patients in the Oak Park area.,"['Health', 'Support']",https://www.volunteermatch.org/search/opp3842677.jsp
Adopt-a-Beach Spring Kickoff 2025,"Chicago, IL, USA",5/1/2025,10:00 AM,Join the Alliance for the Great Lakes for the Adopt-a-Beach Spring Kickoff 2025. Help clean up Chicago's beaches and promote environmental conservation.,"['Environment', 'Sustainability', 'Community Development']",https://www.volunteermatch.org/search/opp3903733.jsp
Community Navigator (Bi-Lingual Preferred),"Chicago, IL, USA",5/2/2025,9:00 AM,Assist the CHICAGO EDUCATION ADVOCACY COOPERATIVE as a Community Navigator. Help bridge gaps between communities and educational resources.,"['Education', 'Civic Engagement', 'Community Development']",https://www.volunteermatch.org/search/opp3903149.jsp
Spend the Summer Tutoring Refugee Students in Chicago,"Chicago, IL, USA",6/23/2025,12:00 PM,FORA: Forging Opportunities for Refugees in America seeks tutors for refugee students. Provide educational support and mentorship.,"['Education', 'Refugee Support', 'Mentorship']",https://www.volunteermatch.org/search/opp3903142.jsp
Liver Life Walk Chicago,"Chicago, IL, USA",5/3/2025,8:00 AM,Participate in the American Liver Foundation's Liver Life Walk. Raise awareness and funds for liver health.,"['Health', 'Fundraising', 'Community Support']",https://www.volunteermatch.org/search/opp3902924.jsp
Between Friends Board Member,"Chicago, IL, USA",5/4/2025,6:00 PM,Join the Between Friends organization as a Board Member. Contribute to their mission of empowering individuals.,"['Leadership', 'Nonprofit Governance', 'Community Development']",https://www.volunteermatch.org/search/opp3781234.jsp
Product Receiver and Stock Person,"Chicago, IL, USA",5/5/2025,10:00 AM,Assist New Seed Pantry with receiving and stocking products. Help maintain efficient operations.,"['Food Security', 'Logistics', 'Volunteering']",https://www.volunteermatch.org/search/opp3681662.jsp
Client Specialist,"Chicago, IL, USA",5/6/2025,9:00 AM,New Seed Pantry seeks a Client Specialist to assist with client services and support.,"['Social Services', 'Community Support', 'Nonprofit']",https://www.volunteermatch.org/search/opp3681655.jsp
Celebrating Academic Excellence,"Chicago, IL, USA",5/7/2025,11:00 AM,Support DonorsChoose.org in celebrating academic excellence by honoring outstanding students.,"['Education', 'Academic Support', 'Celebration']",https://www.donorschoose.org/project/celebrating-academic-excellence-honorin/9082818
Fellowship 25' - High School Ambassador,"Chicago, IL, USA",5/8/2025,4:00 PM,New Era of Democracy seeks High School Ambassadors for their Fellowship program.,"['Youth Development', 'Leadership', 'Education']",https://www.volunteermatch.org/search/opp3714657.jsp
Seeking New Board Members,"Oak Park, IL, USA",5/9/2025,7:00 PM,Thrive Counselling Center is seeking new Board Members to contribute to their mission.,"['Mental Health', 'Nonprofit Governance', 'Leadership']",https://www.volunteermatch.org/search/opp3897676.jsp
Welcome a Refugee Family,"Chicago, IL, USA",5/10/2025,5:00 PM,WELCOMENST INC needs volunteers to welcome refugee families to the community.,"['Refugee Support', 'Community Integration', 'Volunteering']",https://www.volunteermatch.org/search/opp3860859.jsp
Move for MDS 5k: Chicago,"Chicago, IL, USA",5/11/2025,8:00 AM,Participate in the Move for MDS 5k event organized by A5 Events with Team Against Drugs Inc.,"['Health', 'Fundraising', 'Community Support']",https://www.volunteermatch.org/search/opp3816498.jsp
Be the Light in Someone's Final Journey,"Chicago, IL, USA",5/12/2025,3:00 PM,Volunteer with Unity Hospice to support patients in their final journey.,"['Healthcare', 'Hospice Care', 'Compassionate Support']",https://createthegood.aarp.org/opportunity-details.163767
Music Detective Needed for Hospice Patients,"Chicago, IL, USA",5/13/2025,2:00 PM,Unity Hospice & Palliative Care needs volunteers to create personalized music playlists for patients.,"['Healthcare', 'Music Therapy', 'Hospice Support']",https://createthegood.aarp.org/opportunity-details.163764
Be the Light for Someone Facing Their Last Days,"Chicago, IL, USA",5/14/2025,1:00 PM,Volunteer with Unity Hospice & Palliative Care to provide compassionate support to patients.,"['Healthcare', 'Hospice Care', 'Volunteering']",https://createthegood.aarp.org/opportunity-details.163762
Volunteers for the Beyonce Concert in Chicago,"Chicago, IL, USA",5/15/2025,2:00 PM,Helping Every Life Possible needs volunteers for the Beyonce Concert in Chicago.,"['Entertainment', 'Event Support', 'Volunteering']",https://www.idealist.org/en/volunteer-opportunity/a2904f03985242e9aadc21c850126d7d-looking-for-volunteers-for-the-beyonce-concert-in-chicago-helping-every-life-possible-chicago
Event Day Volunteer - Komen Chicago Race for the Cure,"Chicago, IL, USA",5/16/2025,7:00 AM,Susan G. Komen needs volunteers for the Chicago Race for the Cure event.,"['Health', 'Fundraising', 'Community Support']",https://www.volunteermatch.org/search/opp3574264.jsp
Leaders Needed for Soldiers' Angels,"Chicago, IL, USA",5/17/2025,10:00 AM,Soldiers' Angels - Chicago needs leaders to help support veterans.,"['Veteran Support', 'Leadership', 'Volunteering']",https://www.volunteermatch.org/search/opp3280316.jsp
Start Planning Parties with a Purpose,"Chicago, IL, USA",5/18/2025,4:00 PM,Join Soldiers' Angels - Chicago to plan meaningful events for veterans.,"['Event Planning', 'Veteran Support', 'Volunteering']",https://www.volunteermatch.org/search/opp3171135.jsp
Veteran Support Program,"Chicago, IL",3/15/2025,10:00 AM,Volunteers needed to bring joy to veteran patients through the Veteran Support program at Soldiers' Angels. This is a rewarding opportunity to make a difference in the lives of veterans.,"['Veterans', 'Health', 'Community Service']",https://www.volunteermatch.org/search/opp3171129.jsp
Community Support for Veterans,"Chicago, IL",3/16/2025,11:00 AM,Get out and about in the community to support veterans through Soldiers' Angels. This is a great chance to give back and engage with the community.,"['Veterans', 'Community Development', 'Volunteering']",https://www.volunteermatch.org/search/opp3171118.jsp
Luncheon Meals Coordinator,"Chicago, IL",3/17/2025,9:00 AM,Plan Luncheon Meals as a Luncheon Coordinator for Soldiers' Angels. Help provide meals for those in need and support a noble cause.,"['Food Security', 'Volunteering', 'Community Service']",https://www.volunteermatch.org/search/opp3171114.jsp
Run for the Zoo 2025,"Lincoln Park Zoo, Chicago, IL",3/8/2025,8:00 AM,Join the Run for the Zoo 2025 event at Lincoln Park Zoo. This event supports conservation efforts and provides a fun day for participants.,"['Animals', 'Conservation', 'Community Event']",https://createthegood.aarp.org/opportunity-details.160470
No Stress Wednesdays,Remote,3/12/2025,2:00 PM,"Volunteer for No Stress Wednesdays, a program aimed at reducing stress and promoting well-being in the community.","['Mental Health', 'Remote Volunteering', 'Education']",https://www.donorschoose.org/project/no-stress-wednesdays/9120068
Lollapalooza Volunteer Opportunity,"Chicago, IL",3/18/2025,12:00 PM,Volunteers needed for Lollapalooza in Chicago. Assist with event operations and help make this major event a success.,"['Arts & Music', 'Festivals', 'Volunteering']",https://www.volunteermatch.org/search/opp3899521.jsp
Social Justice Events Researcher,"Chicago, IL",3/19/2025,10:00 AM,Researcher needed to support social justice events in Chicago. This is a great opportunity to contribute to meaningful social justice initiatives.,"['Social Justice', 'Research', 'Community Engagement']",https://www.volunteermatch.org/search/opp3743415.jsp
Community Engagement Coordinator,"Chicago, IL",3/20/2025,11:00 AM,Coordinate community engagement activities with LoveJustice. This role involves organizing and supporting local community events and initiatives.,"['Community Development', 'Social Justice', 'Volunteering']",https://www.volunteermatch.org/search/opp3743411.jsp
Nonprofit Support Coordinator,"Chicago, IL",3/21/2025,9:00 AM,Volunteer to support nonprofit operations with LoveJustice. This role involves various administrative and operational tasks to help the organization run smoothly.,"['Nonprofit Support', 'Community Service', 'Volunteering']",https://www.volunteermatch.org/search/opp3743402.jsp
Social Justice News Editor,"Chicago, IL",3/22/2025,10:00 AM,Volunteer as a Social Justice News Editor with LoveJustice. This role involves editing and curating content for social justice news and initiatives.,"['Social Justice', 'Media', 'Volunteering']",https://www.volunteermatch.org/search/opp3555562.jsp
"Help a Neighbor in the Chicago, IL area with a Homemade Meal","Chicago, IL",3/15/2024,10:00 AM,Volunteer with Lasagna Love to provide homemade meals to neighbors in need. This opportunity allows you to make a direct impact in your community by cooking and delivering meals.,"['Community Service', 'Food Service', 'Volunteering']",https://www.volunteermatch.org/search/opp3670089.jsp
"Help us Feed Your Neighbors in the Chicago, IL area a Homemade Meal","Chicago, IL",3/17/2024,9:00 AM,Volunteer with Lasagna Love to help feed your neighbors in need. This opportunity involves cooking and delivering homemade meals to those in your community.,"['Community Service', 'Food Service', 'Volunteering']",https://www.volunteermatch.org/search/opp3670086.jsp
"Feed Your Neighbors in Need a Homemade meal in the Chicago, IL area","Chicago, IL",3/18/2024,2:00 PM,Lasagna Love needs volunteers to help feed neighbors in need. This involves cooking and delivering homemade meals to those in your community.,"['Community Service', 'Food Service', 'Volunteering']",https://www.volunteermatch.org/search/opp3670085.jsp
"Feed a Family in need in the Chicago, IL area a Homemade Meal","Chicago, IL",3/20/2024,3:00 PM,Join Lasagna Love in feeding families in need by providing homemade meals. This volunteer opportunity involves cooking and delivering meals to those in your community.,"['Community Service', 'Food Service', 'Volunteering']",https://www.volunteermatch.org/search/opp3670082.jsp
"Help a Neighbor in Need in the Chicago, IL area with a Homemade Meal","Chicago, IL",3/21/2024,5:00 PM,Volunteer with Lasagna Love to help neighbors in need by providing homemade meals. This is a meaningful way to give back to your community through cooking and delivery.,"['Community Service', 'Food Service', 'Volunteering']",https://www.volunteermatch.org/search/opp3670081.jsp
"Help us Feed a Family in need in the Chicago, IL area","Chicago, IL",3/22/2024,6:00 PM,Lasagna Love needs volunteers to help feed families in need. This opportunity involves cooking and delivering homemade meals to those in your community.,"['Community Service', 'Food Service', 'Volunteering']",https://www.volunteermatch.org/search/opp3670080.jsp
Help a Neighbor in Elmwood Park with a Homemade Meal,"Elmwood Park, IL",3/24/2024,8:00 PM,Volunteer with Lasagna Love to provide homemade meals to neighbors in Elmwood Park. This opportunity allows you to make a direct impact in your community by cooking and delivering meals.,"['Community Service', 'Food Service', 'Volunteering']",https://www.volunteermatch.org/search/opp3435088.jsp
2025 Beyoncé World Tour Volunteer Opportunity,"Chicago, IL",10/15/2025,12:00 PM,"Volunteer opportunity to assist with the 2025 Beyoncé World Tour in Chicago. Help with event setup, crowd management, and other tasks to ensure a smooth experience for attendees.","['Entertainment', 'Music', 'Volunteer']",https://www.volunteermatch.org/search/opp3899033.jsp
Beyoncé World Tour Volunteer Support,"Chicago, IL",10/16/2025,9:00 AM,Volunteer support needed for the Beyoncé World Tour in Chicago. Assist with various tasks to support the event operations and ensure a successful experience for all attendees.,"['Entertainment', 'Music', 'Volunteer']",https://www.volunteermatch.org/search/opp3898689.jsp
ABC7 Gibbons Run Volunteer Opportunity,"Chicago, IL",9/20/2025,7:00 AM,"Volunteer at the ABC7 Gibbons Run to support the Leukemia Research Foundation. Assist with event setup, participant support, and other tasks to help make the event a success.","['Health', 'Running', 'Charity']",https://www.volunteermatch.org/search/opp3898463.jsp
Visionaries of the Year Grand Finale Volunteer,"Chicago, IL",11/12/2025,6:00 PM,"Volunteer at the Visionaries of the Year Grand Finale event supporting the Leukemia & Lymphoma Society. Assist with event setup, guest support, and other tasks to ensure a successful event.","['Health', 'Charity', 'Awards']",https://www.volunteermatch.org/search/opp3897220.jsp
ABTA Breakthrough for Brain Tumors 5K Run and Walk: Chicago 2025,Chicago,10/20/2025,8:00 AM,Join the American Brain Tumor Association for a 5K Run and Walk to support brain tumor research and awareness. This event brings together communities to make a difference in the fight against brain tumors.,"['Health & Medicine', 'Fundraising', 'Community Engagement']",https://www.volunteermatch.org/search/opp2543642.jsp
WHEELSFORALL Members for High School and College students,Chicago,9/15/2025,9:00 AM,WHEELSFORALL seeks members to engage high school and college students in community service and development programs. This is a great opportunity for students to gain experience and make an impact.,"['Education', 'Youth Development', 'Community Service']",https://www.volunteermatch.org/search/opp3568119.jsp
Tutor (Must have graduated High School),Chicago,12/30/2023,4:00 PM,Volunteer tutoring opportunity for high school graduates to help students with their academic needs. Contribute to education and youth development in your community.,"['Education', 'Mentorship', 'Youth Development']",https://www.volunteermatch.org/search/opp3566688.jsp
Volunteer Tutoring Event,"Chicago, IL, USA",2/20/2024,10:00 AM,Join us for a community tutoring event where volunteers will assist students with their academic needs. This is a great opportunity to give back to the community and support education.,"['Education', 'Volunteering', 'Community Development']",https://www.idealist.org/en/volunteer-tutoring-event
Environmental Conservation Day,"Chicago, IL, USA",3/15/2024,9:00 AM,"Participate in a city-wide environmental conservation effort. Volunteers will help with park cleanups, tree planting, and other eco-friendly activities.","['Environment & Sustainability', 'Community Development', 'Volunteering']",https://www.idealist.org/en/environmental-conservation-day
Food Drive & Distribution Event,"Chicago, IL, USA",4/10/2024,11:00 AM,Help organize and distribute food to those in need. Volunteers will assist with sorting donations and helping families in need.,"['Food Security', 'Poverty', 'Volunteering']",https://www.idealist.org/en/food-drive-event
Community Health Fair,"Chicago, IL, USA",5/5/2024,12:00 PM,"Join a health fair providing free health screenings and resources to the community. Volunteers will assist with event setup, registration, and guiding attendees.","['Health & Medicine', 'Community Development', 'Volunteering']",https://www.idealist.org/en/health-fair-event
Volunteers needed for the Weeknd World Tour in Chicago,"Chicago, IL",5/30/2025,3:00 PM - 11:00 PM,"Volunteers are needed to assist with the Weeknd World Tour in Chicago. Duties may include event setup, crowd management, and ensuring a smooth experience for attendees. This is a great opportunity to be part of a high-profile event and support a good cause.","['Music', 'Concert', 'Volunteering', 'Entertainment', 'Live Event']",https://www.idealist.org/en/volunteer-opportunity/43dc89afe79b4560ad6fc1ba76f7c8ce-volunteers-needed-for-the-weeknd-world-tour-in-chicago-live-life-with-purpose-international-inc-chicago
Volunteers needed for the Beyonce World Tour in Chicago,"Chicago, IL",5/15/2025,3:00 PM - 11:00 PM,"Volunteers are needed to assist with the Beyonce World Tour in Chicago. Duties may include event setup, crowd management, and ensuring a smooth experience for attendees. This is a great opportunity to be part of a high-profile event and support a good cause.","['Music', 'Concert', 'Volunteering', 'Entertainment', 'Live Event']",https://www.idealist.org/en/volunteer-opportunity/effd9020779345dfa1b87b091e8ac528-volunteers-needed-for-the-beyonce-world-tour-in-chicago-live-life-with-purpose-international-inc-chicago
Companionship Volunteers Needed,"Chicago, IL, USA",3/20/2024,10:00 AM,Provide companionship and support to hospice patients in a residential setting. Assist with daily activities and offer emotional support to ensure patients' comfort and dignity.,"['Health & Medicine', 'Volunteering']",https://www.volunteermatch.org/search/opp3895347.jsp
Drive Cancer Patients to Treatment,"Chicago, IL, USA",3/22/2024,9:00 AM,Volunteer drivers needed to transport cancer patients to and from treatment. Ensure safe and timely transportation for patients in need.,"['Health & Medicine', 'Transportation', 'Volunteering']",https://www.volunteermatch.org/search/opp3895282.jsp
Help with Important Women's Research,"Chicago, IL, USA",3/25/2024,2:00 PM,Assist researchers at the University of Illinois at Chicago with important women's health studies. Help with data collection and study coordination.,"['Education', 'Research', ""Women's Rights""]",https://www.volunteermatch.org/search/opp3863656.jsp
GirlForward's Summer Internship Application,"Chicago, IL, USA",4/1/2024,11:00 AM,Assist with the summer internship program for refugee girls. Help with application processing and program coordination.,"['Education', 'Youth Development', 'Refugee Support']",https://www.volunteermatch.org/search/opp3783932.jsp
Become a Mentor to Refugee Girls,"Chicago, IL, USA",3/28/2024,3:00 PM,Mentor refugee girls and help them navigate their new lives in the U.S. Provide guidance and support in education and personal development.,"['Mentorship', 'Refugee Support', 'Youth Development']",https://www.volunteermatch.org/search/opp3684819.jsp
Bring Peace to Someone Facing End of Life,"Chicago, IL, USA",4/3/2024,2:00 PM,Join the Unity Hospice Volunteer Program to bring peace and comfort to individuals facing the end of life. Provide emotional and spiritual support in a compassionate environment.,"['Health & Medicine', 'Volunteering', 'Spirituality']",https://www.idealist.org/en/volunteer-opportunity/99f78f94b1e343849126f0399c9552e6-bring-peace-to-someone-facing-end-of-life-join-unity-hospice-volunteer-program-unity-hospice-palliative-care-chicago
Join the America Needs You - Chicago Associate Board,"Chicago, IL, USA",4/4/2024,3:00 PM,Join the Associate Board to support mentorship programs for low-income students. Help with fundraising and event planning to support educational initiatives.,"['Education', 'Mentorship', 'Youth Development']",https://www.volunteermatch.org/search/opp3682637.jsp
Content Publishers for Facebook and LinkedIn,"Chicago, IL, USA",4/5/2024,10:00 AM,Help manage social media content for a food pantry. Create and schedule posts to raise awareness and engage the community.,"['Marketing', 'Social Media', 'Food Security']",https://www.volunteermatch.org/search/opp3707204.jsp
Food Distribution Volunteers,"Chicago, IL, USA",4/8/2024,9:00 AM,Assist with food distribution at a local food pantry. Help sort and distribute food to individuals in need.,"['Food Security', 'Volunteering', 'Community Development']",https://www.volunteermatch.org/search/opp3690923.jsp
Safe House Kids Group Assistant,"Chicago, IL, USA",4/9/2024,2:00 PM,Assist with group activities for children in a safe house environment. Help with educational and recreational activities to support their development.,"['Children & Youth', 'Volunteering', 'Community Development']",https://www.volunteermatch.org/search/opp3034848.jsp
Safe House Lobby Volunteer,"Chicago, IL, USA",4/10/2024,11:00 AM,"Volunteer at the front desk of a safe house. Greet visitors, answer phones, and provide general administrative support.","['Administration', 'Volunteering', 'Community Development']",https://www.volunteermatch.org/search/opp3034844.jsp
Volunteer at Run for the Zoo,"Chicago, IL, USA",4/12/2024,9:00 AM,"Volunteer at the annual Run for the Zoo event. Assist with registration, water stations, and overall event support to make the event a success.","['Community Development', 'Volunteering', 'Sports & Recreation']",https://www.volunteermatch.org/search/opp3894528.jsp
Volunteer at Run for the Zoo!,"Chicago, IL",6/8/2025,5:30 AM,"Join Lincoln Park Zoo for the annual Run for the Zoo event, supporting conservation efforts and community engagement through a fun-filled morning of volunteering.","['Sports & Recreation', 'Community Development', 'Environment']",https://www.idealist.org/en/volunteer-opportunity/4053363647bf4fd5a39b4d239b1424ed-volunteer-at-run-for-the-zoo-lincoln-park-zoo-chicago
Pop-Up Distribution - ACCESS West Side,"Chicago, Illinois",4/23/2025,12:30 PM,Volunteer with the Greater Chicago Food Depository to distribute food and essential items to those in need at the ACCESS West Side location.,"['Food Security', 'Community Development', 'Poverty']",https://www.idealist.org/en/x7lCJWxEEpb
Pop-Up Distribution - ACCESS Grand Boulevard,"Chicago, IL",4/23/2025,8:30 AM,"Assist the Greater Chicago Food Depository in distributing food and supplies at the ACCESS Grand Boulevard location, helping to combat food insecurity.","['Food Security', 'Community Development', 'Poverty']",https://www.idealist.org/en/GDBiFZbEEpb
Hospital Elder Life Program Volunteer,Chicago,4/23/2025,10:00 AM,Volunteer at Rush University Medical Center to assist elderly patients with daily activities and provide companionship.,"['Health & Medicine', 'Elder Care', 'Community Development']",https://www.idealist.org/en/opp3894105.jsp
Play Lacrosse & Mentor Youth,Chicago,4/23/2025,2:00 PM,Mentor and coach youth in lacrosse while promoting teamwork and personal development with the TRUE LACROSSE FOUNDATION.,"['Sports & Recreation', 'Youth Development', 'Mentorship']",https://www.idealist.org/en/opp3892218.jsp
Le Tour de Shore 2025 Charity Ride,Chicago,4/23/2025,9:00 AM,"Participate in the Le Tour de Shore charity bike ride, supporting local community initiatives and enjoying a scenic route.","['Sports & Recreation', 'Fundraising', 'Community Development']",https://www.idealist.org/en/opp3892205.jsp
Help End Clothing Insecurity in Chicago,Chicago,4/23/2025,11:00 AM,"Volunteer with Cradles to Crayons to sort and distribute clothing to children in need, helping to end clothing insecurity.","['Poverty', 'Community Development', 'Youth Development']",https://www.idealist.org/en/opp3892098.jsp
Chicago TechPath Alliance: Program Manager,Chicago,4/23/2025,1:00 PM,"Assist in managing programs for the Chicago TechPath Alliance, supporting technology education and career development initiatives.","['Technology', 'Education', 'Community Development']",https://www.idealist.org/en/opp3892091.jsp
Tutoring English as a Second Language (ESL),Chicago,4/23/2025,3:00 PM,"Teach English as a second language to community members at Erie Neighborhood House, helping to empower through education.","['Education', 'Community Development', 'Language Support']",https://www.idealist.org/en/opp3824840.jsp
Russian Speaking Volunteer Visitor,Chicago,4/23/2025,4:00 PM,"Visit and provide companionship to Russian-speaking seniors in Chicago, assisting with daily tasks and conversation.","['Elder Care', 'Community Development', 'Language Support']",https://www.idealist.org/en/opp3816574.jsp
English as a Second Language Tutor,Cicero,3/15/2024,10:00 AM,"Volunteer as an English as a Second Language Tutor with Project CARE. Help adults improve their language skills in a supportive environment. No prior experience necessary, just a willingness to help others succeed.","['Education', 'Community Development', 'Language Support']",https://www.volunteermatch.org/search/opp1958028.jsp
Sales and Merchandising Support at MBIC Clubhouse,Chicago,3/16/2024,2:00 PM,Assist with sales and merchandising at the Midwest Brain Injury Clubhouse. Help members with daily operations and support their recovery journey through meaningful activities.,"['Health & Medicine', 'Community Development', 'Sales & Marketing']",https://www.volunteermatch.org/search/opp3795147.jsp
Mental Health Advocates: Call for NAMI Metro Suburban Finance Committee Volunteers!,Oak Park,3/17/2024,11:00 AM,Join the NAMI Metro Suburban Finance Committee as a volunteer. Help advocate for mental health initiatives and support financial planning for community programs.,"['Mental Health', 'Finance', 'Advocacy']",https://www.volunteermatch.org/search/opp3891274.jsp
Administrative Assistant Needed ASAP!,Chicago,3/19/2024,9:00 AM,"Provide administrative support to The Rise Foundation. Assist with daily operations, data entry, and other tasks to help the organization run smoothly.","['Administration', 'Community Development', 'Nonprofit Support']",https://www.volunteermatch.org/search/opp3642687.jsp
Event Volunteer Help!,"Chicago, IL, USA",3/15/2024,10:00 AM,Join TRANSFORMATIONS BY CHICAGO ANGELS as an event volunteer. Assist with various tasks to support the event's success.,"['Volunteering', 'Community Development']",https://www.volunteermatch.org/search/opp3887832.jsp
Board of Directors - Social Media and Marketing,"Chicago, IL, USA",3/16/2024,2:00 PM,Contribute to TRANSFORMATIONS BY CHICAGO ANGELS as a Board member focusing on social media and marketing strategies.,"['Marketing', 'Nonprofit Management']",https://www.volunteermatch.org/search/opp3887826.jsp
Back to School Drive Volunteer,"Chicago, IL, USA",3/17/2024,11:00 AM,Assist NAAAP-Chicago with their Back to School Drive to help prepare for the upcoming school year.,"['Education', 'Community Development']",https://www.volunteermatch.org/search/opp3887765.jsp
Play a musical instrument for memory support residents!,"Chicago, IL, USA",3/18/2024,3:00 PM,"Volunteer with norVOLution to play musical instruments for memory support residents, providing entertainment and engagement.","['Health & Medicine', 'Arts & Music']",https://www.volunteermatch.org/search/opp3887119.jsp
Lead craft activities with memory support residents!,"Chicago, IL, USA",3/19/2024,4:00 PM,"Assist norVOLution in leading craft activities for memory support residents, promoting creativity and well-being.","['Health & Medicine', 'Arts & Crafts']",https://www.volunteermatch.org/search/opp3835739.jsp
Become a host family for an international exchange student!,"River Forest, IL, USA",3/20/2024,5:00 PM,"Host an international exchange student through AnB Education, providing a welcoming environment for cultural exchange.","['Education', 'International Relations']",https://www.volunteermatch.org/search/opp3688802.jsp
Digital Marketing Specialist,"Chicago, IL, USA",3/21/2024,6:00 PM,Help the American Youth Literacy Foundation with digital marketing efforts to promote literacy programs.,"['Marketing', 'Education']",https://www.volunteermatch.org/search/opp3886540.jsp
Mentor,"Chicago, IL, USA",3/22/2024,7:00 PM,"Mentor individuals through The Well of Mercy, providing guidance and support for personal development.","['Mentorship', 'Community Development']",https://www.volunteermatch.org/search/opp3886305.jsp
Family Mentors for Newcomers,"Skokie, IL, USA",3/23/2024,8:00 PM,"Assist BUILDING PEACEFUL BRIDGES in mentoring families, helping them integrate into the community.","['Community Development', 'Immigrants or Refugees']",https://www.volunteermatch.org/search/opp3323705.jsp
Event Planning Committee for the 2025 Walk to End Alzheimer's,"Chicago, IL, USA",3/24/2024,9:00 PM,Join the Alzheimer's Association Illinois Chapter to help plan the 2025 Walk to End Alzheimer's event.,"['Health & Medicine', 'Event Planning']",https://www.volunteermatch.org/search/opp3885641.jsp
OPEN CALL for new performers,"Chicago, IL, USA",3/25/2024,10:00 PM,SECOND CITY OUTLAWS INC seeks new performers to join their team. Audition and showcase your talents.,"['Arts & Music', 'Entertainment']",https://www.volunteermatch.org/search/opp3765589.jsp
